,,,,,,,,,
Bread,Honey,Bacon,Thoothpaste,,Apple,Hazelnut,Cheese,,
,Honey,Bacon,Thoothpaste,,Apple,Hazelnut,Cheese,,
Bread,Honey,Bacon,Thoothpaste,Banana,Apple,Hazelnut,Cheese,Meat,Carrot
,Honey,,,Banana,,Hazelnut,,,
,Honey,,,,,,,,
,,,,Banana,,,Cheese,,
,,Bacon,Thoothpaste,,Apple,Hazelnut,,,
,Honey,Bacon,Thoothpaste,Banana,Apple,,Cheese,,
,,Bacon,Thoothpaste,,Apple,Hazelnut,Cheese,Meat,Carrot
,,,,,,,,,
,Honey,Bacon,Thoothpaste,Banana,,Hazelnut,Cheese,,
Bread,Honey,Bacon,Thoothpaste,Banana,,,,,Carrot
Bread,,Bacon,Thoothpaste,Banana,Apple,Hazelnut,,,Carrot
,,Bacon,Thoothpaste,Banana,Apple,,Cheese,Meat,
,,,,Banana,Apple,,,,
,,Bacon,Thoothpaste,,,,,,
,,,,Banana,,,,,
Bread,Honey,,,,,,,,
Bread,,Bacon,Thoothpaste,Banana,,,Cheese,Meat,Carrot
,,Bacon,Thoothpaste,Banana,Apple,,Cheese,Meat,
,,,,,,,,Meat,
Bread,Honey,,,,Apple,,,Meat,Carrot
,Honey,Bacon,Thoothpaste,Banana,,,,Meat,
,Honey,,,Banana,,,,,Carrot
,Honey,,,Banana,Apple,,Cheese,Meat,
,Honey,Bacon,Thoothpaste,,,Hazelnut,Cheese,Meat,Carrot
Bread,,,,,,,Cheese,Meat,
Bread,Honey,Bacon,Thoothpaste,Banana,,Hazelnut,,,
Bread,Honey,Bacon,Thoothpaste,,,,,Meat,Carrot
,,,,,,Hazelnut,,,Carrot
,Honey,Bacon,Thoothpaste,Banana,,Hazelnut,Cheese,,Carrot
Bread,Honey,,,Banana,Apple,Hazelnut,Cheese,Meat,Carrot
Bread,,,,Banana,Apple,Hazelnut,Cheese,,
Bread,,Bacon,Thoothpaste,,Apple,Hazelnut,Cheese,Meat,
Bread,,Bacon,Thoothpaste,Banana,Apple,,Cheese,,Carrot
Bread,,Bacon,Thoothpaste,,,Hazelnut,Cheese,,Carrot
,,,,Banana,,,,Meat,
Bread,,Bacon,Thoothpaste,,,,,,
,,Bacon,Thoothpaste,Banana,Apple,,Cheese,,
,,,,,Apple,Hazelnut,Cheese,Meat,Carrot
,,,,,,,,,
Bread,,,,,,Hazelnut,,,
Bread,,,,,,,,Meat,
,Honey,Bacon,Thoothpaste,,Apple,,,Meat,
Bread,Honey,,,Banana,Apple,Hazelnut,,,Carrot
,,,,,,,Cheese,Meat,Carrot
,,Bacon,Thoothpaste,,,,,,
,,Bacon,Thoothpaste,Banana,Apple,Hazelnut,Cheese,,Carrot
Bread,Honey,Bacon,Thoothpaste,Banana,Apple,,,Meat,Carrot
,,,,Banana,,,Cheese,,Carrot
Bread,,Bacon,Thoothpaste,Banana,Apple,,,Meat,Carrot
,,,,Banana,Apple,,,Meat,Carrot
Bread,Honey,,,,,Hazelnut,,Meat,
Bread,,,,,,Hazelnut,,Meat,
,Honey,,,Banana,Apple,Hazelnut,,,Carrot
,,,,,,Hazelnut,,Meat,
Bread,Honey,,,,Apple,,,Meat,Carrot
,,Bacon,Thoothpaste,Banana,Apple,,Cheese,Meat,
,,Bacon,Thoothpaste,,,,,,
Bread,Honey,Bacon,Thoothpaste,,Apple,Hazelnut,Cheese,Meat,
Bread,Honey,Bacon,Thoothpaste,,Apple,,,Meat,Carrot
,Honey,,,Banana,,,Cheese,Meat,Carrot
Bread,Honey,,,,,,,Meat,
,,Bacon,Thoothpaste,,Apple,,Cheese,Meat,
Bread,,Bacon,Thoothpaste,Banana,Apple,Hazelnut,Cheese,Meat,Carrot
,,Bacon,Thoothpaste,,Apple,Hazelnut,Cheese,Meat,
,Honey,,,,,,Cheese,Meat,Carrot
,,,,Banana,Apple,Hazelnut,,,Carrot
Bread,Honey,,,,,Hazelnut,Cheese,Meat,
Bread,,,,,Apple,Hazelnut,Cheese,,Carrot
,Honey,,,Banana,Apple,Hazelnut,,Meat,
,Honey,,,,,Hazelnut,,,Carrot
,,Bacon,Thoothpaste,Banana,,,Cheese,Meat,Carrot
,,Bacon,Thoothpaste,Banana,,Hazelnut,Cheese,Meat,
,,,,,,,Cheese,,
,,,,,,,Cheese,,
,Honey,Bacon,Thoothpaste,,,,,,
,Honey,Bacon,Thoothpaste,Banana,Apple,,Cheese,Meat,Carrot
,Honey,Bacon,Thoothpaste,,Apple,,Cheese,Meat,Carrot
Bread,,Bacon,Thoothpaste,Banana,Apple,Hazelnut,,Meat,
Bread,,,,,,,Cheese,,
,,,,,,Hazelnut,,Meat,
Bread,Honey,,,,,,,,
,,,,,Apple,,,,
Bread,,,,,Apple,Hazelnut,,,
,Honey,,,Banana,Apple,Hazelnut,Cheese,,
,Honey,,,,,,,,Carrot
Bread,Honey,Bacon,Thoothpaste,,Apple,,,Meat,
,,,,Banana,Apple,Hazelnut,,,
Bread,Honey,Bacon,Thoothpaste,,Apple,,,,
,,,,,Apple,,,Meat,
,Honey,,,,,,,Meat,
,Honey,Bacon,Thoothpaste,Banana,,,Cheese,Meat,Carrot
,,Bacon,Thoothpaste,,,,Cheese,Meat,
Bread,,,,Banana,,,,,Carrot
Bread,,,,,,,,,
,Honey,Bacon,Thoothpaste,,,,,Meat,
Bread,Honey,,,Banana,Apple,Hazelnut,Cheese,,
Bread,,Bacon,Thoothpaste,Banana,Apple,,Cheese,Meat,
,,,,,,Hazelnut,Cheese,,Carrot
,Honey,,,,Apple,Hazelnut,,,Carrot
Bread,Honey,Bacon,Thoothpaste,Banana,Apple,,,Meat,Carrot
Bread,,Bacon,Thoothpaste,Banana,Apple,Hazelnut,,Meat,
,Honey,,,,,Hazelnut,,,
Bread,,,,,,Hazelnut,,,
,Honey,Bacon,Thoothpaste,,Apple,,,Meat,
,,Bacon,Thoothpaste,Banana,Apple,Hazelnut,,,Carrot
Bread,Honey,Bacon,Thoothpaste,,,,,,
Bread,,Bacon,Thoothpaste,,Apple,Hazelnut,,Meat,Carrot
,Honey,,,,,Hazelnut,,,
,,,,,,Hazelnut,,Meat,Carrot
,,Bacon,Thoothpaste,Banana,Apple,,Cheese,,
Bread,,Bacon,Thoothpaste,,,Hazelnut,,Meat,Carrot
Bread,,,,Banana,,,,Meat,
,Honey,Bacon,Thoothpaste,Banana,Apple,Hazelnut,,Meat,
Bread,,Bacon,Thoothpaste,,,,,Meat,
,,,,,,,,,
Bread,Honey,,,Banana,,,,,
,Honey,,,,Apple,Hazelnut,Cheese,,Carrot
Bread,,Bacon,Thoothpaste,,,,,,
Bread,Honey,,,,Apple,,,Meat,
,Honey,Bacon,Thoothpaste,,Apple,Hazelnut,,Meat,Carrot
Bread,Honey,,,,Apple,,,,Carrot
Bread,,,,Banana,,,,,
Bread,,Bacon,Thoothpaste,,,,Cheese,Meat,
,,,,Banana,Apple,Hazelnut,Cheese,,
,Honey,Bacon,Thoothpaste,,Apple,,Cheese,Meat,
,Honey,Bacon,Thoothpaste,Banana,Apple,,,,Carrot
,,Bacon,Thoothpaste,Banana,Apple,,,,
Bread,,Bacon,Thoothpaste,Banana,Apple,,Cheese,Meat,
Bread,,Bacon,Thoothpaste,,Apple,Hazelnut,,,
,,Bacon,Thoothpaste,Banana,Apple,,Cheese,,Carrot
,Honey,,,Banana,Apple,Hazelnut,,,
,Honey,Bacon,Thoothpaste,,,Hazelnut,,,Carrot
Bread,,,,,,,,,
,,Bacon,Thoothpaste,Banana,,Hazelnut,Cheese,Meat,Carrot
,,,,Banana,Apple,,Cheese,,
Bread,Honey,,,,Apple,Hazelnut,Cheese,,
,,Bacon,Thoothpaste,,Apple,,Cheese,Meat,
Bread,,Bacon,Thoothpaste,,,Hazelnut,,Meat,Carrot
,Honey,,,Banana,,Hazelnut,Cheese,,Carrot
,,,,,Apple,,Cheese,,Carrot
Bread,Honey,,,Banana,,,Cheese,,
,Honey,,,Banana,Apple,,,Meat,
,,,,,,Hazelnut,Cheese,Meat,Carrot
,,,,,,,,,
,,,,,Apple,,Cheese,,
Bread,Honey,,,,,,,Meat,
,,,,Banana,Apple,,Cheese,Meat,
,Honey,,,,,,,,
,,Bacon,Thoothpaste,,,,,,
,,,,,,,Cheese,Meat,Carrot
,,Bacon,Thoothpaste,,,,Cheese,,
Bread,,Bacon,Thoothpaste,,,,,,
,,Bacon,Thoothpaste,,Apple,,,Meat,
,,,,,,,,,
Bread,,,,,,,,,
Bread,Honey,,,,Apple,,,,Carrot
Bread,,Bacon,Thoothpaste,,Apple,,,,Carrot
Bread,,,,,,,,,
Bread,,,,,Apple,,Cheese,Meat,
,Honey,,,,Apple,,,,Carrot
,Honey,,,Banana,,Hazelnut,,Meat,
,Honey,Bacon,Thoothpaste,Banana,Apple,,Cheese,,Carrot
,,Bacon,Thoothpaste,Banana,Apple,Hazelnut,,,
Bread,Honey,,,Banana,Apple,,,Meat,
,,Bacon,Thoothpaste,,Apple,Hazelnut,Cheese,Meat,Carrot
Bread,Honey,Bacon,Thoothpaste,,,Hazelnut,Cheese,,
,Honey,Bacon,Thoothpaste,,,,Cheese,Meat,
Bread,,Bacon,Thoothpaste,Banana,Apple,Hazelnut,Cheese,,Carrot
,Honey,,,,,,,Meat,Carrot
,,,,Banana,,Hazelnut,,,Carrot
,,,,,,,,,
,,Bacon,Thoothpaste,,,,Cheese,,
Bread,,,,Banana,Apple,,,Meat,
,,Bacon,Thoothpaste,,,Hazelnut,Cheese,,Carrot
,Honey,Bacon,Thoothpaste,,Apple,,Cheese,Meat,Carrot
Bread,,Bacon,Thoothpaste,Banana,Apple,,Cheese,,
Bread,Honey,Bacon,Thoothpaste,Banana,,,Cheese,Meat,Carrot
,,Bacon,Thoothpaste,,,,Cheese,,
Bread,,,,Banana,,,,Meat,Carrot
,,Bacon,Thoothpaste,Banana,Apple,,Cheese,Meat,
,Honey,,,,,,Cheese,,
Bread,Honey,Bacon,Thoothpaste,,,Hazelnut,,,Carrot
Bread,Honey,,,Banana,Apple,Hazelnut,,Meat,
,,Bacon,Thoothpaste,,Apple,Hazelnut,Cheese,Meat,Carrot
,Honey,,,,,,,,
,Honey,Bacon,Thoothpaste,Banana,Apple,Hazelnut,,Meat,
Bread,,Bacon,Thoothpaste,,Apple,Hazelnut,Cheese,,
Bread,Honey,Bacon,Thoothpaste,,Apple,Hazelnut,,,
,,Bacon,Thoothpaste,,,Hazelnut,,,
,,,,,Apple,,,,
Bread,Honey,,,,,,,Meat,
Bread,,,,Banana,Apple,Hazelnut,,Meat,
,Honey,Bacon,Thoothpaste,,Apple,Hazelnut,Cheese,,
Bread,Honey,,,,,,Cheese,,
,Honey,,,Banana,,,,Meat,
Bread,Honey,,,,Apple,,,,
,,Bacon,Thoothpaste,,,,,Meat,Carrot
,,,,,Apple,,,,
Bread,,,,,,,Cheese,Meat,
,,,,Banana,,Hazelnut,,,
Bread,Honey,,,Banana,,,Cheese,Meat,Carrot
,,Bacon,Thoothpaste,,,,,Meat,Carrot
,,Bacon,Thoothpaste,,,,,,
,Honey,Bacon,Thoothpaste,,,,Cheese,,
,,,,Banana,,,,Meat,
Bread,Honey,,,,Apple,Hazelnut,,Meat,Carrot
Bread,Honey,Bacon,Thoothpaste,,,,,,
,,Bacon,Thoothpaste,,,,Cheese,Meat,
,,,,Banana,,Hazelnut,,Meat,
,Honey,Bacon,Thoothpaste,Banana,,,Cheese,,
Bread,Honey,,,Banana,,,Cheese,,Carrot
Bread,,Bacon,Thoothpaste,Banana,Apple,,Cheese,Meat,Carrot
,,Bacon,Thoothpaste,Banana,,,,,Carrot
,,,,,,Hazelnut,,,
,Honey,Bacon,Thoothpaste,,,Hazelnut,,,
Bread,,Bacon,Thoothpaste,,Apple,,Cheese,,Carrot
Bread,,Bacon,Thoothpaste,,Apple,Hazelnut,,,Carrot
,Honey,,,,,Hazelnut,,Meat,
Bread,Honey,,,,Apple,,,,
,,,,,Apple,,Cheese,,
Bread,Honey,Bacon,Thoothpaste,Banana,,Hazelnut,Cheese,,
Bread,Honey,Bacon,Thoothpaste,,,Hazelnut,Cheese,Meat,Carrot
,,Bacon,Thoothpaste,Banana,,Hazelnut,Cheese,Meat,Carrot
Bread,Honey,,,,,,Cheese,,
Bread,Honey,Bacon,Thoothpaste,Banana,Apple,,Cheese,Meat,
Bread,Honey,,,,,,,Meat,
,Honey,,,,Apple,Hazelnut,,Meat,
,,Bacon,Thoothpaste,,,Hazelnut,Cheese,,
Bread,,Bacon,Thoothpaste,Banana,,,,Meat,Carrot
,Honey,,,Banana,,,Cheese,Meat,
Bread,Honey,,,,,Hazelnut,,,
Bread,Honey,,,,Apple,,Cheese,,Carrot
,,,,Banana,,Hazelnut,,Meat,
Bread,Honey,Bacon,Thoothpaste,,,,,,
Bread,,Bacon,Thoothpaste,,Apple,,Cheese,,
,,Bacon,Thoothpaste,Banana,,,Cheese,Meat,
Bread,Honey,,,,Apple,Hazelnut,Cheese,,Carrot
,Honey,,,Banana,Apple,Hazelnut,Cheese,Meat,
,,,,,,,,,
,,,,,,Hazelnut,,,
,Honey,,,,,Hazelnut,,,
Bread,Honey,Bacon,Thoothpaste,,,Hazelnut,Cheese,Meat,Carrot
Bread,,Bacon,Thoothpaste,,,Hazelnut,,Meat,Carrot
Bread,Honey,Bacon,Thoothpaste,Banana,Apple,Hazelnut,,,
,,Bacon,Thoothpaste,Banana,Apple,Hazelnut,,Meat,
,,Bacon,Thoothpaste,,,,Cheese,,Carrot
,,Bacon,Thoothpaste,,,,,,Carrot
,,,,,Apple,Hazelnut,,,
,,,,,,,,Meat,
,,,,Banana,,Hazelnut,,,
,,,,,,,,,
Bread,,,,,Apple,,Cheese,Meat,
Bread,,,,,Apple,Hazelnut,Cheese,,
Bread,,Bacon,Thoothpaste,Banana,,Hazelnut,,,
,,Bacon,Thoothpaste,,,,,Meat,
Bread,,,,,,Hazelnut,,,
,Honey,Bacon,Thoothpaste,Banana,Apple,,Cheese,,
Bread,,,,Banana,Apple,,,Meat,
,,,,Banana,,Hazelnut,Cheese,,
,,,,,,,,Meat,
,,Bacon,Thoothpaste,,,,Cheese,,
Bread,,Bacon,Thoothpaste,Banana,Apple,Hazelnut,Cheese,Meat,
,,Bacon,Thoothpaste,Banana,,,Cheese,Meat,Carrot
,,,,,,,,,
,Honey,Bacon,Thoothpaste,,Apple,,,,
Bread,,,,,,,,,
,,Bacon,Thoothpaste,,Apple,Hazelnut,Cheese,,Carrot
Bread,Honey,,,,,,,,
,Honey,,,,Apple,,Cheese,Meat,
Bread,,Bacon,Thoothpaste,,,,Cheese,,Carrot
,,,,Banana,Apple,Hazelnut,Cheese,,
Bread,Honey,Bacon,Thoothpaste,Banana,Apple,Hazelnut,Cheese,Meat,Carrot
,Honey,,,,,,,,
,,,,Banana,,Hazelnut,,,
Bread,Honey,,,,,,,,
Bread,Honey,Bacon,Thoothpaste,,Apple,,,Meat,Carrot
Bread,Honey,,,Banana,,Hazelnut,Cheese,Meat,Carrot
,Honey,Bacon,Thoothpaste,Banana,,,,,Carrot
,,,,Banana,Apple,,Cheese,Meat,
Bread,Honey,,,,Apple,Hazelnut,,Meat,
,Honey,Bacon,Thoothpaste,,Apple,,Cheese,Meat,Carrot
Bread,,,,,,,Cheese,,
Bread,,,,Banana,,,,,
,Honey,,,,,,,Meat,Carrot
Bread,Honey,Bacon,Thoothpaste,,Apple,Hazelnut,Cheese,Meat,
,Honey,,,,,Hazelnut,,Meat,
,,,,,Apple,Hazelnut,,,
,,Bacon,Thoothpaste,,Apple,Hazelnut,,Meat,Carrot
,Honey,,,,,,,,
,,,,,,,,,Carrot
Bread,Honey,,,Banana,Apple,,Cheese,,
,,,,,,,,,
,,Bacon,Thoothpaste,Banana,,Hazelnut,Cheese,,Carrot
,,,,,,Hazelnut,,,
,,,,,,,,Meat,
,,,,,,Hazelnut,,,
Bread,,,,Banana,Apple,Hazelnut,,Meat,Carrot
,Honey,,,,,,,,
Bread,,,,Banana,Apple,,Cheese,Meat,Carrot
Bread,Honey,Bacon,Thoothpaste,,,,Cheese,,
Bread,Honey,,,Banana,Apple,Hazelnut,Cheese,,Carrot
Bread,,,,Banana,,,,Meat,Carrot
,,,,,Apple,Hazelnut,,,Carrot
Bread,Honey,,,Banana,Apple,Hazelnut,,Meat,
Bread,Honey,Bacon,Thoothpaste,,Apple,Hazelnut,,Meat,Carrot
,,,,Banana,,Hazelnut,,,Carrot
Bread,,,,,Apple,Hazelnut,,Meat,Carrot
,,Bacon,Thoothpaste,,Apple,Hazelnut,,Meat,
,Honey,,,,Apple,,,,
Bread,Honey,Bacon,Thoothpaste,,Apple,Hazelnut,,Meat,Carrot
Bread,,Bacon,Thoothpaste,,Apple,,,,Carrot
Bread,,,,,,,Cheese,Meat,Carrot
,,Bacon,Thoothpaste,Banana,,,Cheese,Meat,Carrot
Bread,Honey,,,Banana,,,Cheese,,
Bread,,,,Banana,,,,Meat,
Bread,Honey,Bacon,Thoothpaste,,Apple,,,,Carrot
,,Bacon,Thoothpaste,,Apple,,Cheese,,Carrot
,Honey,Bacon,Thoothpaste,,Apple,,,Meat,
,Honey,Bacon,Thoothpaste,,Apple,Hazelnut,Cheese,Meat,Carrot
Bread,,Bacon,Thoothpaste,,Apple,Hazelnut,,,
Bread,,,,,,,,,
,,Bacon,Thoothpaste,,Apple,,Cheese,Meat,
,Honey,,,Banana,,,Cheese,Meat,Carrot
Bread,Honey,,,,Apple,,Cheese,,
Bread,,,,Banana,Apple,Hazelnut,,Meat,
Bread,Honey,,,,,Hazelnut,,,Carrot
Bread,Honey,Bacon,Thoothpaste,Banana,Apple,Hazelnut,,,Carrot
,,,,,,,Cheese,,
Bread,,,,Banana,,Hazelnut,Cheese,Meat,Carrot
,,,,,Apple,Hazelnut,Cheese,,Carrot
,Honey,,,,Apple,,,,
,,,,Banana,Apple,Hazelnut,,,
,,,,,,,,,
,,,,Banana,,,,,
,Honey,,,Banana,Apple,Hazelnut,Cheese,,
,,,,,Apple,Hazelnut,Cheese,Meat,Carrot
Bread,,,,Banana,,Hazelnut,Cheese,Meat,Carrot
,,,,Banana,,,,,Carrot
,,Bacon,Thoothpaste,,,,Cheese,,Carrot
,,,,,,,Cheese,Meat,
Bread,,,,,,,,Meat,Carrot
,,,,,,Hazelnut,,,
,,,,Banana,,Hazelnut,,,
,,,,,Apple,Hazelnut,Cheese,,
,,,,,,,,,
Bread,,,,Banana,Apple,,Cheese,,
,,,,,,Hazelnut,,,Carrot
,,Bacon,Thoothpaste,,,,,,Carrot
Bread,,,,Banana,,Hazelnut,,,Carrot
,Honey,,,Banana,Apple,,Cheese,Meat,
Bread,,Bacon,Thoothpaste,Banana,,Hazelnut,Cheese,Meat,Carrot
Bread,Honey,Bacon,Thoothpaste,,Apple,,Cheese,,Carrot
,Honey,,,Banana,Apple,,,Meat,Carrot
,,,,,,,,,Carrot
,,Bacon,Thoothpaste,,Apple,,Cheese,Meat,
,,,,,,,,,
,Honey,,,,,,,Meat,
,,,,,Apple,,,,
,Honey,Bacon,Thoothpaste,,,Hazelnut,,,Carrot
,,,,,,,,Meat,
,,,,,Apple,,,,
,,,,,,,,Meat,
Bread,,Bacon,Thoothpaste,,Apple,,Cheese,Meat,
,,,,,,,,,
,Honey,Bacon,Thoothpaste,Banana,Apple,Hazelnut,,,Carrot
Bread,Honey,,,Banana,,Hazelnut,Cheese,Meat,
,,Bacon,Thoothpaste,,Apple,,Cheese,,
Bread,,,,,,,,,
,,Bacon,Thoothpaste,Banana,Apple,Hazelnut,,,Carrot
,,Bacon,Thoothpaste,,Apple,,,Meat,Carrot
,Honey,,,Banana,,Hazelnut,Cheese,,Carrot
Bread,,Bacon,Thoothpaste,Banana,Apple,Hazelnut,,,Carrot
Bread,,,,Banana,Apple,,Cheese,,Carrot
,,Bacon,Thoothpaste,,Apple,Hazelnut,Cheese,,Carrot
,,Bacon,Thoothpaste,,,,,,
Bread,Honey,,,,,,,,
Bread,Honey,,,Banana,,Hazelnut,Cheese,Meat,
,,,,,Apple,Hazelnut,,,
Bread,,,,Banana,,Hazelnut,,Meat,
Bread,,Bacon,Thoothpaste,Banana,,,,Meat,
,Honey,Bacon,Thoothpaste,Banana,,Hazelnut,Cheese,Meat,
Bread,,,,,,Hazelnut,,Meat,Carrot
,,,,,,,,,
Bread,,,,Banana,,,,Meat,
,Honey,Bacon,Thoothpaste,,Apple,,Cheese,Meat,Carrot
,,,,,,,,,Carrot
Bread,Honey,,,,,,Cheese,,Carrot
,Honey,Bacon,Thoothpaste,Banana,Apple,Hazelnut,,,
,Honey,,,,,Hazelnut,,,
,Honey,Bacon,Thoothpaste,Banana,Apple,Hazelnut,,Meat,
,Honey,Bacon,Thoothpaste,Banana,Apple,,,Meat,Carrot
Bread,,,,,,,,,
Bread,Honey,,,Banana,Apple,Hazelnut,Cheese,,
Bread,,Bacon,Thoothpaste,Banana,Apple,Hazelnut,Cheese,Meat,
,Honey,,,,,,,,Carrot
Bread,Honey,,,,,,Cheese,,
Bread,Honey,,,,,,Cheese,,
Bread,,Bacon,Thoothpaste,,Apple,Hazelnut,,Meat,Carrot
,Honey,Bacon,Thoothpaste,Banana,,,,Meat,Carrot
,Honey,,,Banana,Apple,,Cheese,,
,,,,,,,,,
,,,,Banana,Apple,,Cheese,,Carrot
,,Bacon,Thoothpaste,,,Hazelnut,,Meat,Carrot
Bread,Honey,,,,,,,,Carrot
,Honey,,,Banana,,,Cheese,Meat,Carrot
Bread,,Bacon,Thoothpaste,,Apple,Hazelnut,Cheese,Meat,Carrot
,,Bacon,Thoothpaste,,Apple,,,Meat,Carrot
Bread,,,,,Apple,,,,
,,Bacon,Thoothpaste,,Apple,Hazelnut,,,Carrot
,,Bacon,Thoothpaste,Banana,Apple,,,Meat,
,,Bacon,Thoothpaste,,,,,Meat,
,,Bacon,Thoothpaste,Banana,Apple,Hazelnut,Cheese,Meat,
Bread,Honey,Bacon,Thoothpaste,,,Hazelnut,,Meat,Carrot
,,,,,Apple,,Cheese,Meat,
Bread,Honey,,,Banana,,,Cheese,,
,,Bacon,Thoothpaste,,,Hazelnut,,Meat,Carrot
,,,,,,,,,
,Honey,Bacon,Thoothpaste,,Apple,Hazelnut,,,
,,Bacon,Thoothpaste,Banana,Apple,Hazelnut,Cheese,Meat,Carrot
Bread,Honey,,,Banana,Apple,Hazelnut,,,Carrot
Bread,Honey,,,Banana,,,Cheese,,
,Honey,,,,,Hazelnut,Cheese,,Carrot
,,Bacon,Thoothpaste,Banana,,,Cheese,Meat,Carrot
,,,,Banana,Apple,,Cheese,,
Bread,Honey,,,,,,Cheese,,
Bread,Honey,Bacon,Thoothpaste,Banana,,,Cheese,,Carrot
,Honey,Bacon,Thoothpaste,,Apple,,,Meat,Carrot
,,Bacon,Thoothpaste,Banana,,,,,
Bread,Honey,,,,,Hazelnut,,,
,,,,Banana,,,,Meat,Carrot
,,,,Banana,Apple,Hazelnut,Cheese,,Carrot
,,,,,,,Cheese,,
,,,,,Apple,,,Meat,Carrot
,,,,,,Hazelnut,,Meat,
Bread,Honey,,,,Apple,,,,
,Honey,,,Banana,,,Cheese,Meat,
,Honey,Bacon,Thoothpaste,,Apple,,Cheese,,Carrot
Bread,,,,Banana,,Hazelnut,Cheese,Meat,Carrot
Bread,Honey,,,,,,,Meat,
,Honey,,,,Apple,Hazelnut,Cheese,Meat,Carrot
,,Bacon,Thoothpaste,Banana,,Hazelnut,Cheese,,Carrot
,,,,,Apple,,,,Carrot
Bread,Honey,,,Banana,,Hazelnut,Cheese,Meat,Carrot
,,Bacon,Thoothpaste,,Apple,Hazelnut,Cheese,Meat,Carrot
,Honey,,,,Apple,Hazelnut,Cheese,Meat,
Bread,,Bacon,Thoothpaste,,,,Cheese,,Carrot
,Honey,Bacon,Thoothpaste,Banana,,,,Meat,Carrot
,,Bacon,Thoothpaste,,Apple,Hazelnut,,,
,Honey,,,,,,,,
Bread,Honey,,,,Apple,Hazelnut,,Meat,Carrot
,,,,,,,,Meat,
Bread,,,,,,,,,
Bread,Honey,,,,Apple,,,Meat,
,Honey,Bacon,Thoothpaste,Banana,Apple,Hazelnut,,,
,,Bacon,Thoothpaste,Banana,Apple,,Cheese,Meat,Carrot
,,,,Banana,,Hazelnut,,,
,Honey,,,,,,Cheese,,
,,Bacon,Thoothpaste,,,Hazelnut,Cheese,Meat,Carrot
,,Bacon,Thoothpaste,,,,Cheese,,Carrot
Bread,,,,,,Hazelnut,,Meat,Carrot
Bread,,,,Banana,Apple,,Cheese,Meat,
Bread, ,Bacon,Thoothpaste,,,,Cheese,,
